Time,Q_type,Bond_Mean,Angle_Mean
0ps,Q2,1.552452,109.356008
0ps,Q3,1.566128,109.127375
0ps,Q2(Al),1.8315,110
0ps,Q3(Al),1.8264,108.64
,,,
Time,Q_type,Bond_Delta_Mean,Angle_Delta_Mean
30ps,Q2,0.047072,8.352649
30ps,Q3,0.048426,9.323361
30ps,Q2(Al),0.0793,10.9629
30ps,Q3(Al),0.1527,23.0996
60ps,Q2,0.041361,5.991166
60ps,Q3,0.046515,8.376279
60ps,Q2(Al),0.0781,9.9951
60ps,Q3(Al),0.1066,19.0881
